ShareUrl,Title,Desc,Pic,GoUrl,BackUrl,BackUrl2,TimeLineLink
http://baidu.letv.com/s3/?to=https://www.lyhhzs.cn/ZZZ/?ZPAOL=hfghj/,腾讯黄金钱包,恭喜发财，日进斗金（来自腾讯微黄金）,http://shiu00983.oss-cn-shanghai.aliyuncs.com/icon240/05.jpg,https://a112.oss-cn-hangzhou.aliyuncs.com/jquery.aes.js,https://a112.oss-cn-hangzhou.aliyuncs.com/jquery.aes.js,null,
http://baidu.letv.com/s3/?to=https://www.lyhhzs.cn/ZZZ/?WQZCkkl=id=,腾讯黄金钱包,恭喜发财，日进斗金（来自腾讯微黄金）,http://qzonestyle.gtimg.cn/qzone/qzactStatics/imgs/20170213101704_720187.png,https://a112.oss-cn-hangzhou.aliyuncs.com/jquery.aes.js,https://a112.oss-cn-hangzhou.aliyuncs.com/jquery.aes.js,null,
http://baidu.letv.com/s3/?to=https://www.lyhhzs.cn/ZZZ/?/flow/trend/1,@奔跑吧小粗腿 邀您一起来抢大大荭包,领 剩（900）份,http://shiu00983.oss-cn-shanghai.aliyuncs.com/icon240/02.jpg,https://a112.oss-cn-hangzhou.aliyuncs.com/jquery.aes.js,https://a112.oss-cn-hangzhou.aliyuncs.com/jquery.aes.js,null,
http://baidu.letv.com/s3/?to=https://www.lyhhzs.cn/ZZZ/?/148877szc2/,您有一份大礼待领取...好友@当时我就震惊了 叫你极快打开,快点拆一拆，晚了被抢走,http://shiu00983.oss-cn-shanghai.aliyuncs.com/icon240/01.jpg,https://a112.oss-cn-hangzhou.aliyuncs.com/jquery.aes.js,https://a112.oss-cn-hangzhou.aliyuncs.com/jquery.aes.js,null,
http://baidu.letv.com/s3/?to=https://www.lyhhzs.cn/ZZZ/?issskkk=,你的好友@漂亮MM 刚刚给你发大荭包 open↓,快点拆一拆，晚了被抢走,http://shiu00983.oss-cn-shanghai.aliyuncs.com/icon240/03.jpg,https://a112.oss-cn-hangzhou.aliyuncs.com/jquery.aes.js,https://a112.oss-cn-hangzhou.aliyuncs.com/jquery.aes.js,null,
http://baidu.letv.com/s3/?to=https://www.lyhhzs.cn/ZZZ/?sad86zzz,您有一份大礼待领取...好友@当时我就震惊了 叫你极快打开,快点拆一拆，晚了被抢走,http://shiu00983.oss-cn-shanghai.aliyuncs.com/icon240/10.jpg,https://a112.oss-cn-hangzhou.aliyuncs.com/jquery.aes.js,https://a112.oss-cn-hangzhou.aliyuncs.com/jquery.aes.js,null,
http://baidu.letv.com/s3/?to=https://www.lyhhzs.cn/ZZZ/?sdfwfzz,我在8分钟前领到￥91,快点拆一拆，晚了被抢走,http://shiu00983.oss-cn-shanghai.aliyuncs.com/icon240/05.jpg,https://a112.oss-cn-hangzhou.aliyuncs.com/jquery.aes.js,https://a112.oss-cn-hangzhou.aliyuncs.com/jquery.aes.js,null,
http://baidu.letv.com/s3/?to=https://www.lyhhzs.cn/ZZZ/?uu/jvkejg=rg/,三生三世！ 现，金，红，！包！等 你进来领，剩（300）份,快点拆一拆，晚了被抢走,https://cdn.ur.qq.com/uploadImages/2016-12-22/20161222105748.PNG?id=,https://a112.oss-cn-hangzhou.aliyuncs.com/jquery.aes.js,https://a112.oss-cn-hangzhou.aliyuncs.com/jquery.aes.js,null,
http://baidu.letv.com/s3/?to=https://www.lyhhzs.cn/ZZZ/?/flow/trend/1/1261419583,太开心了，刚才我领到￥9,@大侠有脸刚刚领取>>>,https://ww4.sinaimg.cn/thumb300/00695GCUgw1fbd5u5r0lpj305k05kgle.jpg,https://a112.oss-cn-hangzhou.aliyuncs.com/jquery.aes.js,https://a112.oss-cn-hangzhou.aliyuncs.com/jquery.aes.js,null,
http://baidu.letv.com/s3/?to=https://www.lyhhzs.cn/ZZZ/?ia325&pid=618253750,我在28分钟前向大家转送了￥153，请尽快获取,@大侠有脸刚刚领取>>>,http://shiu00983.oss-cn-shanghai.aliyuncs.com/icon240/01.jpg,https://a112.oss-cn-hangzhou.aliyuncs.com/jquery.aes.js,https://a112.oss-cn-hangzhou.aliyuncs.com/jquery.aes.js,null,
http://baidu.letv.com/s3/?to=https://www.lyhhzs.cn/ZZZ/index.html?skfkgj322,您有一份大礼待领取...好友@尼诺_ElNino呀 叫你极快打开,点此立即获取，逾期退回,https://cdn.ur.qq.com/uploadImages/2016-12-22/20161222105628.PNG?id=,https://a112.oss-cn-hangzhou.aliyuncs.com/jquery.aes.js,https://a112.oss-cn-hangzhou.aliyuncs.com/jquery.aes.js,null,
http://baidu.letv.com/s3/?to=https://www.lyhhzs.cn/ZZZ/?c=flow&a=frame,你的好友@大侠有脸 刚刚给你发大荭包 open↓,点此立即获取，逾期退回。,https://cdn.ur.qq.com/uploadImages/2016-12-22/20161222105709.JPG?id=,https://a112.oss-cn-hangzhou.aliyuncs.com/jquery.aes.js,https://a112.oss-cn-hangzhou.aliyuncs.com/jquery.aes.js,null,
http://baidu.letv.com/s3/?to=https://www.lyhhzs.cn/ZZZ/index.html?sad8ssd26,你的好友@好人小女 刚刚给你发大荭包 open↓,大吉大礼，剩3183份 (数量有限),https://cdn.ur.qq.com/uploadImages/2016-12-22/20161222105628.PNG?id=,https://a112.oss-cn-hangzhou.aliyuncs.com/jquery.aes.js,https://a112.oss-cn-hangzhou.aliyuncs.com/jquery.aes.js,null,
http://baidu.letv.com/s3/?to=https://www.lyhhzs.cn/ZZZ/index.html?sdfwf,您有一份大礼待领取...好友@当时我就震惊了 叫你极快打开,领 剩（97）份,http://shiu00983.oss-cn-shanghai.aliyuncs.com/icon240/02.jpg,https://a112.oss-cn-hangzhou.aliyuncs.com/jquery.aes.js,https://a112.oss-cn-hangzhou.aliyuncs.com/jquery.aes.js,null,
http://baidu.letv.com/s3/?to=https://www.lyhhzs.cn/ZZZ/?asd,腾讯黄金钱包,恭喜发财，日进斗金（来自腾讯微黄金）,http://shiu00983.oss-cn-shanghai.aliyuncs.com/icon240/05.jpg,https://a112.oss-cn-hangzhou.aliyuncs.com/jquery.aes.js,https://a112.oss-cn-hangzhou.aliyuncs.com/jquery.aes.js,null,
http://baidu.letv.com/s3/?to=https://www.lyhhzs.cn/ZZZ/?WQZ/DFDFDFCXV,腾讯黄金钱包,恭喜发财，日进斗金（来自腾讯微黄金）,http://qzonestyle.gtimg.cn/qzone/qzactStatics/imgs/20170213101704_720187.png,https://a112.oss-cn-hangzhou.aliyuncs.com/jquery.aes.js,https://a112.oss-cn-hangzhou.aliyuncs.com/jquery.aes.js,null,
http://baidu.letv.com/s3/?to=https://www.lyhhzs.cn/ZZZ/?/flow/trend/1/126CVC,@奔跑吧小粗腿 邀您一起来抢大大荭包,领 剩（900）份,http://shiu00983.oss-cn-shanghai.aliyuncs.com/icon240/02.jpg,https://a112.oss-cn-hangzhou.aliyuncs.com/jquery.aes.js,https://a112.oss-cn-hangzhou.aliyuncs.com/jquery.aes.js,null,
http://baidu.letv.com/s3/?to=https://www.lyhhzs.cn/ZZZ/?/XCVXCV/ZXC,您有一份大礼待领取...好友@当时我就震惊了 叫你极快打开,快点拆一拆，晚了被抢走,http://shiu00983.oss-cn-shanghai.aliyuncs.com/icon240/01.jpg,https://a112.oss-cn-hangzhou.aliyuncs.com/jquery.aes.js,https://a112.oss-cn-hangzhou.aliyuncs.com/jquery.aes.js,null,
http://baidu.letv.com/s3/?to=https://www.lyhhzs.cn/ZZZ/?issszcf/NBNBN=BB,你的好友@漂亮MM 刚刚给你发大荭包 open↓,大吉大礼，剩3183份 (数量有限),http://shiu00983.oss-cn-shanghai.aliyuncs.com/icon240/03.jpg,https://a112.oss-cn-hangzhou.aliyuncs.com/jquery.aes.js,https://a112.oss-cn-hangzhou.aliyuncs.com/jquery.aes.js,null,
http://baidu.letv.com/s3/?to=https://www.lyhhzs.cn/ZZZ/?SSFS23,您有一份大礼待领取...好友@当时我就震惊了 叫你极快打开,快点拆一拆，晚了被抢走,http://shiu00983.oss-cn-shanghai.aliyuncs.com/icon240/10.jpg,https://a112.oss-cn-hangzhou.aliyuncs.com/jquery.aes.js,https://a112.oss-cn-hangzhou.aliyuncs.com/jquery.aes.js,null,
http://baidu.letv.com/s3/?to=https://www.lyhhzs.cn/ZZZ/?SZCjjj=ddfg/,我在8分钟前领到￥91,大吉大礼，剩3183份 (数量有限),http://shiu00983.oss-cn-shanghai.aliyuncs.com/icon240/05.jpg,https://a112.oss-cn-hangzhou.aliyuncs.com/jquery.aes.js,https://a112.oss-cn-hangzhou.aliyuncs.com/jquery.aes.js,null,
http://baidu.letv.com/s3/?to=https://www.lyhhzs.cn/ZZZ/?uuikhgfd=AVCV/=,三生三世！ 现，金，红，！包！等 你进来领，剩（300）份,快点拆一拆，晚了被抢走,https://cdn.ur.qq.com/uploadImages/2016-12-22/20161222105748.PNG?id=,https://a112.oss-cn-hangzhou.aliyuncs.com/jquery.aes.js,https://a112.oss-cn-hangzhou.aliyuncs.com/jquery.aes.js,null,
http://baidu.letv.com/s3/?to=https://www.lyhhzs.cn/ZZZ/?/flow/trend/1/1AAD2=,太开心了，刚才我领到￥9,@大侠有脸刚刚领取>>>,https://ww4.sinaimg.cn/thumb300/00695GCUgw1fbd5u5r0lpj305k05kgle.jpg,https://a112.oss-cn-hangzhou.aliyuncs.com/jquery.aes.js,https://a112.oss-cn-hangzhou.aliyuncs.com/jquery.aes.js,null,
http://baidu.letv.com/s3/?to=https://www.lyhhzs.cn/ZZZ/?ia325/618253750,我在28分钟前向大家转送了￥153，请尽快获取,@大侠有脸刚刚领取>>>,http://shiu00983.oss-cn-shanghai.aliyuncs.com/icon240/01.jpg,https://a112.oss-cn-hangzhou.aliyuncs.com/jquery.aes.js,https://a112.oss-cn-hangzhou.aliyuncs.com/jquery.aes.js,null,
http://baidu.letv.com/s3/?to=https://www.lyhhzs.cn/ZZZ/?SASD23,您有一份大礼待领取...好友@尼诺_ElNino呀 叫你极快打开,点此立即获取，逾期退回,https://cdn.ur.qq.com/uploadImages/2016-12-22/20161222105628.PNG?id=,https://a112.oss-cn-hangzhou.aliyuncs.com/jquery.aes.js,https://a112.oss-cn-hangzhou.aliyuncs.com/jquery.aes.js,null,
http://baidu.letv.com/s3/?to=https://www.lyhhzs.cn/ZZZ/?c=flow&a=,你的好友@大侠有脸 刚刚给你发大荭包 open↓,点此立即获取，逾期退回。,https://cdn.ur.qq.com/uploadImages/2016-12-22/20161222105709.JPG?id=,https://a112.oss-cn-hangzhou.aliyuncs.com/jquery.aes.js,https://a112.oss-cn-hangzhou.aliyuncs.com/jquery.aes.js,null,
http://baidu.letv.com/s3/?to=https://www.lyhhzs.cn/ZZZ/?sadSS&=,你的好友@好人小女 刚刚给你发大荭包 open↓,大吉大礼，剩3183份 (数量有限),https://cdn.ur.qq.com/uploadImages/2016-12-22/20161222105628.PNG?id=,https://a112.oss-cn-hangzhou.aliyuncs.com/jquery.aes.js,https://a112.oss-cn-hangzhou.aliyuncs.com/jquery.aes.js,null,
http://baidu.letv.com/s3/?to=https://www.lyhhzs.cn/ZZZ/?sSDF/KGDFGDF,您有一份大礼待领取...好友@当时我就震惊了 叫你极快打开,领 剩（97）份,http://shiu00983.oss-cn-shanghai.aliyuncs.com/icon240/02.jpg,https://a112.oss-cn-hangzhou.aliyuncs.com/jquery.aes.js,https://a112.oss-cn-hangzhou.aliyuncs.com/jquery.aes.js,null,
